id,title,clean_text,sentiment_score,sentiment_label,created_utc,score,num_comments,url
1mpbs7c,"Tesla Diner Drops Most Menu Options And Cuts Hours Just Weeks After Opening, Surprising No One",tesla diner drops most menu options and cuts hours just weeks after opening surprising no one,0.6,Positive,1755108231.0,12582,596,https://www.jalopnik.com/1938650/tesla-diner-drops-most-menu-options-cuts-hours/
1mpop8k,Companies Are Pouring Billions Into A.I. It Has Yet to Pay Off.,companies are pouring billions into ai it has yet to pay off,0.0,Neutral,1755139792.0,978,108,https://www.nytimes.com/2025/08/13/business/ai-business-payoff-lags.html?unlocked_article_code=1.d08.cxn1.PKieBEupVHcZ
1mpmdmf,"Microsoft's Windows lead says the next version of Windows will be ""more ambient, pervasive, and multi-modal"" as AI redefines the desktop interface",microsofts windows lead says the next version of windows will be more ambient pervasive and multimodal as ai redefines the desktop interface,0.25,Positive,1755133331.0,1196,712,https://www.windowscentral.com/microsoft/windows-11/microsoft-teases-windows-12-next-version-os-agentic-ai-ambient-computing-copilot
1mpne40,Trump orders cull of regulations governing commercial rocket launches | The head of the FAA's commercial spaceflight division will become a political appointee.,trump orders cull of regulations governing commercial rocket launches  the head of the faas commercial spaceflight division will become a political appointee,0.0,Neutral,1755136094.0,833,65,https://arstechnica.com/space/2025/08/trump-orders-cull-of-regulations-governing-commercial-rocket-launches/
1mp5wi9,UK porn site traffic plunges as age verification rules take effect,uk porn site traffic plunges as age verification rules take effect,0.0,Neutral,1755095069.0,3860,532,https://www.ft.com/content/618f07cb-3cd8-42ff-af63-29118d305cbe
1mph4oo,LinkedIn Joins Meta and YouTube in Abandoning Policies Designed to Counter Anti-Trans Hate,linkedin joins meta and youtube in abandoning policies designed to counter antitrans hate,-0.8,Negative,1755120265.0,960,55,https://www.techpolicy.press/linkedin-joins-meta-and-youtube-in-abandoning-policies-designed-to-counter-antitrans-hate/
1mp24b6,What Does Palantir Actually Do?,what does palantir actually do,0.0,Neutral,1755085367.0,6048,472,https://www.wired.com/story/palantir-what-the-company-does/
1mpjwx0,"New York sues Zelle, says security lapses led to $1 billion consumer fraud losses",new york sues zelle says security lapses led to  billion consumer fraud losses,0.13636363636363635,Positive,1755126855.0,620,55,https://www.reuters.com/sustainability/boards-policy-regulation/new-york-sues-zelle-says-security-lapses-led-1-billion-consumer-fraud-losses-2025-08-13/
1mpd6hv,China Is Taking AI Safety Seriously. So Must the U.S.,china is taking ai safety seriously so must the us,-0.3333333333333333,Negative,1755111321.0,1142,114,https://time.com/7308857/china-isnt-ignoring-ai-regulation-the-u-s-shouldnt-either/
1mp6j3s,Russia is responsible for most climate disinformation on the Polish internet,russia is responsible for most climate disinformation on the polish internet,0.35,Positive,1755096526.0,2358,28,https://defence24.com/geopolitics/russia-is-responsible-for-most-climate-disinformation-on-the-polish-internet
1mp6hh0,Trump Has Made Himself Commander in Chief of the Chip Industry,trump has made himself commander in chief of the chip industry,0.0,Neutral,1755096419.0,1987,290,https://www.nytimes.com/2025/08/13/technology/trump-chips-nvidia-intel.html?smid=nytcore-ios-share&referringSource=articleShare
1mozesf,California Bill Would Require Police to Disclose Use of AI in Writing Reports,california bill would require police to disclose use of ai in writing reports,0.0,Neutral,1755076027.0,5779,124,https://www.kqed.org/news/12050772/california-bill-would-require-police-to-disclose-use-of-ai-in-writing-reports
1mpjurd,"White House confirms it's still figuring out the legality of the revenue-sharing Nvidia and AMD deal for China GPU sales — 'The legality of it, the mechanics of it, is still being ironed out'",white house confirms its still figuring out the legality of the revenuesharing nvidia and amd deal for china gpu sales  the legality of it the mechanics of it is still being ironed out,0.0,Neutral,1755126709.0,400,80,https://www.tomshardware.com/tech-industry/white-house-confirms-its-still-figuring-out-the-legality-of-revenue-sharing-nvidia-and-amd-deal-for-china-gpu-sales-the-legality-of-it-the-mechanics-of-it-is-still-being-ironed-out
1mpeyn7,Trump Puts Big Tech Above the Law Amid Industry’s Billion-Dollar Influence Campaign - Public Citizen,trump puts big tech above the law amid industrys billiondollar influence campaign  public citizen,0.0,Neutral,1755115319.0,685,11,https://www.citizen.org/news/trump-puts-big-tech-above-the-law-amid-industrys-billion-dollar-influence-campaign/
1mp9i4j,Study: Social media probably can’t be fixed,study social media probably cant be fixed,0.06666666666666667,Neutral,1755103243.0,965,139,https://arstechnica.com/science/2025/08/study-social-media-probably-cant-be-fixed/
1mpe5yn,"Doctors Were Worse at Spotting Cancer After Leaning on AI, Study Finds",doctors were worse at spotting cancer after leaning on ai study finds,-0.4,Negative,1755113541.0,531,30,https://gizmodo.com/doctors-were-worse-at-spotting-cancer-after-leaning-on-ai-study-finds-2000642527
1mpp5fs,"Goodbye, $165,000 Tech Jobs. Student Coders Seek Work at Chipotle",goodbye  tech jobs student coders seek work at chipotle,0.0,Neutral,1755141101.0,117,51,https://www.nytimes.com/2025/08/10/technology/coding-ai-jobs-students.html
1mpa2t6,The Online Safety Act isn't just about age verification – end-to-end encryption is also at risk,the online safety act isnt just about age verification  endtoend encryption is also at risk,0.0,Neutral,1755104504.0,738,35,https://www.techradar.com/vpn/vpn-privacy-security/the-online-safety-act-isnt-just-about-age-verification-end-to-end-encryption-is-also-at-risk
1mp5ra8,"YouTube Launches AI Age-Verification in U.S., Which Will Automatically Restrict Users Estimated to Be Under 18",youtube launches ai ageverification in us which will automatically restrict users estimated to be under,0.0,Neutral,1755094727.0,1157,131,https://variety.com/2025/digital/news/youtube-ai-age-verification-automatically-restrict-under-18-users-1236488309/
1mpoaad,Congress Pushes for Infertility Tax Credits as U.S. Birth Rate Hits New Low,congress pushes for infertility tax credits as us birth rate hits new low,0.06818181818181818,Neutral,1755138590.0,103,105,https://www.inc.com/melissa-angell/congress-pushes-for-infertility-tax-credits-as-u-s-birth-rate-hits-new-low/91217852
